{  
   "city":{  
      "id":1861060,
      "name":"Japan",
      "coord":{  
         "lon":139.753098,
         "lat":35.68536
      },
      "country":"JP",
      "population":0
   },
   "cod":"200",
   "message":0.0359,
   "cnt":7,
   "list":[  
      {  
         "dt":1445824800,
         "temp":{  
            "day":18.38,
            "min":8.17,
            "max":18.76,
            "night":9.66,
            "eve":13.3,
            "morn":8.17
         },
         "pressure":1032.11,
         "humidity":74,
         "weather":[  
            {  
               "id":800,
               "main":"Clear",
               "description":"sky is clear",
               "icon":"01d"
            }
         ],
         "speed":1.36,
         "deg":267,
         "clouds":0
      },
      {  
         "dt":1445911200,
         "temp":{  
            "day":20.21,
            "min":8.71,
            "max":21.67,
            "night":19.16,
            "eve":19.48,
            "morn":8.71
         },
         "pressure":1026.68,
         "humidity":77,
         "weather":[  
            {  
               "id":800,
               "main":"Clear",
               "description":"sky is clear",
               "icon":"01d"
            }
         ],
         "speed":3.47,
         "deg":205,
         "clouds":0
      },
      {  
         "dt":1445997600,
         "temp":{  
            "day":22.83,
            "min":14.78,
            "max":22.83,
            "night":14.78,
            "eve":19.23,
            "morn":19.22
         },
         "pressure":1017.54,
         "humidity":86,
         "weather":[  
            {  
               "id":500,
               "main":"Rain",
               "description":"light rain",
               "icon":"10d"
            }
         ],
         "speed":2.66,
         "deg":18,
         "clouds":32,
         "rain":1.99
      },
      {  
         "dt":1446084000,
         "temp":{  
            "day":15.34,
            "min":13.98,
            "max":16.58,
            "night":13.98,
            "eve":16.58,
            "morn":14.95
         },
         "pressure":1016.13,
         "humidity":0,
         "weather":[  
            {  
               "id":501,
               "main":"Rain",
               "description":"moderate rain",
               "icon":"10d"
            }
         ],
         "speed":1.45,
         "deg":53,
         "clouds":100,
         "rain":4.39
      },
      {  
         "dt":1446170400,
         "temp":{  
            "day":15.35,
            "min":11.25,
            "max":18.1,
            "night":14.22,
            "eve":18.1,
            "morn":11.25
         },
         "pressure":1008.83,
         "humidity":0,
         "weather":[  
            {  
               "id":500,
               "main":"Rain",
               "description":"light rain",
               "icon":"10d"
            }
         ],
         "speed":1.96,
         "deg":270,
         "clouds":76,
         "rain":1.22
      },
      {  
         "dt":1446256800,
         "temp":{  
            "day":14.86,
            "min":10.9,
            "max":17.74,
            "night":14.04,
            "eve":17.74,
            "morn":10.9
         },
         "pressure":1017.66,
         "humidity":0,
         "weather":[  
            {  
               "id":500,
               "main":"Rain",
               "description":"light rain",
               "icon":"10d"
            }
         ],
         "speed":2.08,
         "deg":353,
         "clouds":51
      },
      {  
         "dt":1446343200,
         "temp":{  
            "day":13.75,
            "min":11.65,
            "max":17.17,
            "night":11.65,
            "eve":17.17,
            "morn":12.58
         },
         "pressure":1025.72,
         "humidity":0,
         "weather":[  
            {  
               "id":500,
               "main":"Rain",
               "description":"light rain",
               "icon":"10d"
            }
         ],
         "speed":2.37,
         "deg":332,
         "clouds":72,
         "rain":0.48
      }
   ]
}